device,node_id,time_utc_usec,active_intensity,q_factor,histogram_count,azimuth,elevation,yaw,pitch,roll,north,east,down
dev2,43,1780360210716946,27.64528465270996,5.9514241218566895,52,78.4073486328125,-20.58955192565918,18.24847412109375,14.481188774108887,6.910485744476318,1.348532795906067,0.8106598854064941,0.004093833267688751
dev2,43,1780360210887946,31.440410614013672,9.979402542114258,103,81.87664794921875,-21.764442443847656,18.246337890625,14.480426788330078,6.907671928405762,1.3484658002853394,0.8107475638389587,0.004027523100376129
dev2,43,1780360211055946,20.3031063079834,2.1643569469451904,46,196.21556091308594,22.241920471191406,18.24462890625,14.47996997833252,6.904999256134033,1.348381757736206,0.8109340071678162,0.004011348355561495
dev2,43,1780360211223946,19.84469985961914,1.7013354301452637,43,192.8213653564453,22.41484260559082,18.240142822265625,14.477507591247559,6.903136253356934,1.3483493328094482,0.8111687302589417,0.0040977718308568
dev2,43,1780360211391946,20.109485626220703,1.9869660139083862,36,200.22494506835938,22.133968353271484,18.238006591796875,14.472620010375977,6.903232574462891,1.3483607769012451,0.8113422989845276,0.004211936146020889
dev2,43,1780360211560946,19.991809844970703,1.979382038116455,31,194.9674530029297,20.8429012298584,18.235809326171875,14.474356651306152,6.9006171226501465,1.3484265804290771,0.8113696575164795,0.004259438253939152
dev2,43,1780360211730946,20.422868728637695,2.1289873123168945,42,196.15103149414062,37.83449172973633,18.2320556640625,14.47219467163086,6.90045690536499,1.348404884338379,0.8113194704055786,0.004274103790521622
dev2,43,1780360211898946,20.9257869720459,2.3558597564697266,45,196.4207305908203,37.03782653808594,18.2305908203125,14.473028182983398,6.899956703186035,1.3483811616897583,0.8113057613372803,0.004372976720333099
dev2,43,1780360212066946,19.505197525024414,1.8199450969696045,36,191.33030700683594,21.657855987548828,18.232574462890625,14.471351623535156,6.898705959320068,1.348394513130188,0.8113448023796082,0.004446299746632576
dev2,43,1780360212234946,20.864408493041992,2.4846510887145996,37,194.66253662109375,36.195438385009766,18.234405517578125,14.471827507019043,6.894965648651123,1.3484405279159546,0.8114532828330994,0.004390144720673561
dev2,43,1780360212402946,20.64912986755371,2.3960397243499756,49,196.37738037109375,20.93739891052246,18.22943115234375,14.471098899841309,6.893258094787598,1.3485914468765259,0.8114357590675354,0.00416523776948452
dev2,43,1780360212570946,19.499122619628906,1.7304716110229492,42,224.8860626220703,20.453737258911133,18.2279052734375,14.471088409423828,6.89177942276001,1.348760962486267,0.8114245533943176,0.004035924095660448
dev2,43,1780360212738946,21.285160064697266,2.7591590881347656,39,200.12237548828125,17.576784133911133,18.233062744140625,14.469945907592773,6.890181541442871,1.3488786220550537,0.8114590048789978,0.003977050073444843
dev2,43,1780360212906946,20.1571044921875,2.1544229984283447,55,194.26998901367188,6.055560111999512,18.2362060546875,14.4700345993042,6.887070655822754,1.3489056825637817,0.8115212917327881,0.0039258478209376335
dev2,43,1780360213074946,20.585575103759766,2.2273738384246826,41,194.9972381591797,21.68428611755371,18.2366943359375,14.47098445892334,6.886805534362793,1.3488507270812988,0.8116168975830078,0.0038872400764375925
dev2,43,1780360213245946,21.39632797241211,2.716287136077881,44,194.1412353515625,9.086301803588867,18.23333740234375,14.469722747802734,6.885513782501221,1.3487906455993652,0.8116934299468994,0.0037583571393042803
dev2,43,1780360213413946,20.06496238708496,2.0143630504608154,42,197.0325927734375,22.75002098083496,18.22967529296875,14.46977710723877,6.883363723754883,1.3487627506256104,0.811632513999939,0.003596522146835923
dev2,43,1780360213581946,38.21818161010742,7.188985824584961,53,75.668701171875,38.19070053100586,18.224090576171875,14.470139503479004,6.880340099334717,1.3487225770950317,0.8115772604942322,0.0034839201252907515
dev2,43,1780360213749946,41.50505065917969,6.149851322174072,49,74.681640625,53.164669036865234,18.2203369140625,14.46958065032959,6.878560543060303,1.3487157821655273,0.8115173578262329,0.0034481645561754704
dev2,43,1780360213917946,34.74626159667969,4.327194690704346,28,80.72756958007812,68.34207153320312,18.2142333984375,14.47153377532959,6.876783847808838,1.3487433195114136,0.8114932775497437,0.0034924508072435856
dev2,43,1780360214085946,25.4523868560791,4.4427571296691895,40,79.77227783203125,4.928409099578857,18.21173095703125,14.472210884094238,6.875030040740967,1.3487600088119507,0.8115296363830566,0.003568090498447418
dev2,43,1780360214253946,42.62535858154297,4.0836334228515625,93,79.80355834960938,7.247257709503174,18.216064453125,14.472785949707031,6.8715620040893555,1.3488438129425049,0.8114258646965027,0.003590870648622513
dev2,43,1780360214424946,37.19939422607422,2.811126708984375,44,99.75778198242188,10.870950698852539,18.22021484375,14.469925880432129,6.869171619415283,1.3489187955856323,0.8114138841629028,0.003602136392146349
dev2,43,1780360214592946,27.446691513061523,3.901322841644287,42,81.5281982421875,41.255985260009766,18.2239990234375,14.46908187866211,6.8706207275390625,1.3489961624145508,0.811427116394043,0.0036256564781069756
dev2,43,1780360214760946,20.96114730834961,1.9711573123931885,21,99.0682373046875,47.318603515625,18.232421875,14.471880912780762,6.869893550872803,1.3490327596664429,0.8114628195762634,0.003622571937739849
dev2,43,1780360214930946,20.309261322021484,2.224104166030884,34,193.28671264648438,22.289541244506836,18.233123779296875,14.473289489746094,6.8664774894714355,1.3490140438079834,0.811517059803009,0.003576156683266163
dev2,43,1780360215096946,21.268543243408203,2.767674446105957,45,197.4998016357422,36.006134033203125,18.23187255859375,14.473146438598633,6.864927768707275,1.349002718925476,0.8114796280860901,0.0035107661969959736
dev2,43,1780360215267946,21.548934936523438,2.876324415206909,40,194.38226318359375,23.851947784423828,18.2296142578125,14.47237777709961,6.863059997558594,1.3490595817565918,0.8113399744033813,0.0034809319768100977
dev2,43,1780360215435946,20.454952239990234,2.389944314956665,34,198.1678009033203,6.220639228820801,18.2266845703125,14.473734855651855,6.86271333694458,1.3491190671920776,0.8112435340881348,0.0034743358846753836
dev2,43,1780360215603946,21.680286407470703,2.7014052867889404,44,192.46868896484375,37.44660568237305,18.226043701171875,14.471237182617188,6.861687183380127,1.3491451740264893,0.8111875653266907,0.0035177625250071287
dev2,43,1780360215771946,22.528562545776367,3.0468454360961914,41,196.64035034179688,21.26902961730957,18.22442626953125,14.470645904541016,6.861884117126465,1.3491709232330322,0.8111618161201477,0.003577245632186532
dev2,43,1780360215939946,19.721466064453125,1.6238834857940674,17,260.9707946777344,-21.336694717407227,18.224700927734375,14.469731330871582,6.8620076179504395,1.3491963148117065,0.8111041784286499,0.0036251272540539503
dev2,43,1780360216107946,20.980531692504883,2.2550179958343506,35,161.0400390625,39.87652587890625,18.227294921875,14.469904899597168,6.8628034591674805,1.3492581844329834,0.8109529614448547,0.0036744801327586174
dev2,43,1780360216275946,20.505258560180664,1.768134355545044,40,224.52438354492188,34.799076080322266,18.235931396484375,14.467817306518555,6.863582134246826,1.3492910861968994,0.8109307885169983,0.0037385644391179085
dev2,43,1780360216443946,22.305797576904297,2.0332889556884766,31,225.061279296875,5.584170818328857,18.240234375,14.466252326965332,6.8632917404174805,1.3493173122406006,0.8110225796699524,0.003766404464840889
dev2,43,1780360216611946,20.268856048583984,2.0170838832855225,21,194.53350830078125,24.601280212402344,18.234588623046875,14.463348388671875,6.863118648529053,1.3492980003356934,0.8111713528633118,0.0037440056912600994
dev2,43,1780360216782946,39.13233947753906,5.2419891357421875,57,75.72854614257812,51.251441955566406,18.233856201171875,14.464674949645996,6.8625030517578125,1.3492308855056763,0.811343789100647,0.0036898315884172916
dev2,43,1780360216950946,50.625022888183594,6.795804023742676,69,76.55126953125,51.76003646850586,18.240081787109375,14.466154098510742,6.860373497009277,1.34921133518219,0.8113925457000732,0.0035705999471247196
dev2,43,1780360217118946,37.851348876953125,4.334931373596191,56,74.08984375,6.489141941070557,18.24951171875,14.464696884155273,6.8595476150512695,1.3492143154144287,0.8114290237426758,0.003424488240852952
dev2,43,1780360217286946,28.435209274291992,2.7093582153320312,49,72.63302612304688,6.943655967712402,18.25494384765625,14.464875221252441,6.857815742492676,1.3491874933242798,0.8114912509918213,0.0032093115150928497
dev2,43,1780360217454946,25.52021026611328,2.349637269973755,23,82.22256469726562,-7.297666549682617,18.258514404296875,14.46690845489502,6.856832981109619,1.349164366722107,0.8116186857223511,0.00304873613640666
dev2,43,1780360217622946,24.147825241088867,2.62558913230896,23,77.9539794921875,34.98753356933594,18.258819580078125,14.467400550842285,6.855113506317139,1.3491135835647583,0.8117473721504211,0.0029933657497167587
dev2,43,1780360217790946,21.09576416015625,1.7638635635375977,32,66.345947265625,6.366611957550049,18.26177978515625,14.467630386352539,6.852853775024414,1.3490785360336304,0.8117361664772034,0.0029365301597863436
dev2,43,1780360217958946,20.770000457763672,1.5231611728668213,26,199.85806274414062,-9.399941444396973,18.26397705078125,14.467927932739258,6.850197792053223,1.3490911722183228,0.8116483092308044,0.002925265347585082
dev2,43,1780360218129946,21.155200958251953,2.0434329509735107,26,200.29678344726562,21.822982788085938,18.265625,14.466556549072266,6.8446946144104,1.3490797281265259,0.8115637898445129,0.0029064659029245377
dev2,43,1780360218297946,22.497875213623047,1.9845819473266602,42,193.99090576171875,22.083005905151367,18.2730712890625,14.468573570251465,6.84402322769165,1.3490608930587769,0.81147301197052,0.0029718175064772367
dev2,43,1780360218465946,21.061996459960938,1.9158726930618286,40,225.54281616210938,21.717227935791016,18.281890869140625,14.46823501586914,6.843720436096191,1.349031925201416,0.811394214630127,0.003012745175510645
dev2,43,1780360218634946,29.124250411987305,2.2593560218811035,12,293.4259948730469,-26.910154342651367,18.285125732421875,14.46658706665039,6.840470314025879,1.348996877670288,0.8113279342651367,0.0029631382785737514
dev2,43,1780360218801946,25.247356414794922,2.1408371925354004,29,247.18724060058594,3.561737537384033,18.285064697265625,14.465228080749512,6.837783336639404,1.3490315675735474,0.8110883235931396,0.0028483099304139614
dev2,43,1780360218972946,26.062496185302734,1.7132887840270996,21,112.50726318359375,-5.019575119018555,18.285308837890625,14.46723461151123,6.83758020401001,1.3490954637527466,0.8109041452407837,0.002772156847640872
dev2,43,1780360219140946,21.19985580444336,1.961443305015564,54,228.7646026611328,24.20050048828125,18.28302001953125,14.4717378616333,6.832505226135254,1.3491580486297607,0.810756266117096,0.002747706137597561
dev2,43,1780360219308946,22.721302032470703,2.018503189086914,31,220.9777374267578,23.14658546447754,18.28192138671875,14.470537185668945,6.831943035125732,1.3492709398269653,0.8106954097747803,0.0026934489142149687
dev2,43,1780360219476946,21.64727210998535,2.4145421981811523,41,192.2501220703125,21.208850860595703,18.28094482421875,14.470468521118164,6.832402229309082,1.3493636846542358,0.8107398152351379,0.002637959783896804
dev2,43,1780360219644946,21.281030654907227,1.9328945875167847,32,194.6230926513672,36.05807113647461,18.28204345703125,14.466595649719238,6.829747200012207,1.3494971990585327,0.8107551336288452,0.0026203724555671215
dev2,43,1780360219812946,47.057804107666016,2.3734512329101562,27,184.67898559570312,38.44776153564453,18.28155517578125,14.465476036071777,6.829355239868164,1.3496079444885254,0.8107565641403198,0.0026356526650488377
dev2,43,1780360219980946,32.71924591064453,1.915438175201416,3,197.57920837402344,-75.78282165527344,18.278533935546875,14.466915130615234,6.824488639831543,1.3497116565704346,0.8107341527938843,0.002630877075716853
dev2,43,1780360220148946,23.040481567382812,2.5429465770721436,21,75.78466796875,-25.3636474609375,18.276031494140625,14.468016624450684,6.8223876953125,1.3497973680496216,0.810737669467926,0.0026456054765731096
dev2,43,1780360220316946,31.09423065185547,5.784093379974365,84,81.30160522460938,6.006228923797607,18.271392822265625,14.47413444519043,6.8196120262146,1.3498502969741821,0.8107364773750305,0.0026566777378320694
dev2,43,1780360220487946,32.89268493652344,3.959576368331909,31,51.35296630859375,67.29495239257812,18.272308349609375,14.472893714904785,6.818444728851318,1.3498778343200684,0.8106815218925476,0.0025551423896104097
